# Documents,Doc Preprocessing Time,Hierarchical Clustering Time,Topic Extraction Time,Indexing Time,Document Index Size,Topic Index Size
1000,1296.8797224,27.579056400000127,1364.1639180999998,1.6948067999996965,0.37908172607421875,0.5325241088867188
