# Documents,Doc Preprocessing Time,Hierarchical Clustering Time,Topic Extraction Time,Indexing Time,Document Index Size,Topic Index Size
60,54.5052893,1.1213302999999968,11.440735000000004,0.2676393999999931,0.0182952880859375,0.0370025634765625
