Dataset,# Documents,Dewey IndexBuild Time,Dewey Index Build Size,LAF IndexBuild Time,LAF Index Build Size
Resolutions Ecosoc Eng 2021,5,0.16523599999999972,0.00418853759765625,0.2504491,0.0048370361328125
SDG Corpus,15,0.18867290000000025,0.0132293701171875,0.2664943000000015,0.01495361328125
Resolutions Ecosoc Eng 2020,32,0.2547339000000015,0.0332183837890625,0.2750579000000002,0.04308319091796875
Resolutions Escwa Since 2006,69,0.25707960000000085,0.06304168701171875,0.26475399999999993,0.09616851806640625
SDG Full Dataset,160,0.5428379000000518,0.1725311279296875,0.2720264999999813,0.2124481201171875
