# Documents,Doc Preprocessing Time,Hierarchical Clustering Time,Topic Extraction Time,Indexing Time,Document Index Size,Topic Index Size
10,24.241390000000003,0.8136510000000001,2.7909746999999996,0.23184990000000028,0.0020599365234375,0.00621795654296875
