# Documents,Doc Preprocessing Time,Hierarchical Clustering Time,Topic Extraction Time,Indexing Time,Document Index Size,Topic Index Size
15,15.367002,0.20635650000000183,1.3539084999999993,0.474183,0.00482177734375,0.009124755859375
30,26.779273600000003,0.273397800000005,4.8263155,0.5816311000000027,0.011962890625,0.02111053466796875
45,37.523628300000006,0.5581750999999997,8.350345899999994,0.8185802999999936,0.02548980712890625,0.042877197265625
60,50.693467299999995,0.6736781000000178,12.66936290000001,0.25550029999999424,0.0398406982421875,0.06655120849609375
120,299.56829889999995,1.6991472999999928,47.10109299999999,0.25409359999997605,0.07526397705078125,0.12505340576171875
180,356.4132553999999,2.3799728999999843,82.82413180000003,0.18189540000003035,0.13057708740234375,0.1885528564453125
240,369.875993,3.8468890000001466,133.47535399999992,0.22742640000001302,0.191314697265625,0.27646636962890625
300,423.92173809999986,4.2572706999999355,185.83927630000017,0.49120540000012625,0.28298187255859375,0.35984039306640625
