Dataset,# Documents,Dewey IndexBuild Time,Dewey Index Build Size,LAF IndexBuild Time,LAF Index Build Size
Resolutions Ecosoc Eng 2021,5,0.1732768,0.00418853759765625,0.2589359,0.0048370361328125
SDG Corpus,15,0.2445188999999992,0.0132293701171875,0.27548990000000195,0.01495361328125
Resolutions Ecosoc Eng 2020,32,0.5095789000000011,0.0332183837890625,0.4374869999999973,0.04308319091796875
Resolutions Escwa Since 2006,69,0.5768010999999973,0.06304168701171875,0.26529939999999996,0.09616851806640625
